0.0,-1.0,0.0,0.0,0.0,0.0
0.00014108446047917482,-0.9993535983764862,-0.0007459870793429803,0.00012759010308421588,7.622925674490152e-05,-2.8007717920127164e-05
0.0006038425832693678,-0.997227786456402,-0.003201385953515826,0.0005491051434599056,0.00032628012904020124,-0.00012000204794196085
0.0013855763576595586,-0.9936157516677212,-0.007381419344503844,0.0012726563818523876,0.0007487568971236572,-0.00027587392104208705
0.0024816233601986136,-0.9885055241334709,-0.013312764309154448,0.002312425079548969,0.0013412465213287783,-0.0004954213176521679
0.003885350772190409,-0.9818800690915251,-0.021033231774087436,0.0036884239467666253,0.0021003125113322665,-0.0007783288926042362
0.005588146848983017,-0.9737174300361396,-0.030591273352941584,0.005426132083876005,0.003021486186586355,-0.0011241390067764374
0.007579410304182379,-0.9639909363357355,-0.042045272328435246,0.00755597420944205,0.004099255593977397,-0.0015322144881695747
0.009846538441787704,-0.9526694932220381,-0.055462562576855494,0.010112606160272083,0.005327052558033672,-0.0020016936590212656
0.012374915456464748,-0.939717975779834,-0.07091810717856784,0.013133960598025499,0.00669723867071312,-0.0025314384827533664
0.015147903192676115,-0.9250977513311427,-0.0884927590819361,0.016660000612721767,0.00820109151999982,-0.0031199771346774627
0.018146837861861085,-0.9087673555138529,-0.10827102199055195,0.020731126126959033,0.009828793141856048,-0.003765442909090563
0.021351037781041443,-0.8906833451495584,-0.13033823420034518,0.025386181002676856,0.011569423571586036,-0.004465512154746855
0.024737829057041354,-0.8708013441054113,-0.15477711594423868,0.030660020458938883,0.01341096343967828,-0.005217344864006929
0.028282598109694416,-0.8490772850920855,-0.18166365682082147,0.036580621981433886,0.01534031070370051,-0.006017532562354935
0.031958881633176006,-0.8254688293501544,-0.21106237816389548,0.043165760931376446,0.017343317629131026,-0.0068620591171201445
0.0357385054495619,-0.7999369171827506,-0.2430210869278314,0.05041932524008365,0.0194048547028614,-0.007746280783049084
0.039591782940204295,-0.7724473670628914,-0.27756533838433783,0.05832740897900084,0.02150890784958896,-0.008664931923189198
0.04348778053029646,-0.7429724043140244,-0.31469293199497617,0.06685439402997231,0.02363871365540915,-0.009612162046870293
0.04739465146328403,-0.7114919701561634,-0.3543688563536316,0.07593928848800217,0.02577693393461963,-0.010581607815450627
0.05128002985974292,-0.6779946485887496,-0.3965211464486179,0.08549262153506931,0.0279058658861879,-0.011566500406559183
0.055111465798353805,-0.6424780621726405,-0.44103809154635115,0.09539417953133277,0.030007677789981913,-0.012559804365463468
0.058856870939084,-0.6049486339347381,-0.4877671182613079,0.10549179678267766,0.03206465380693708,-0.013554379475117853
0.062484935800424975,-0.5654206887342418,-0.536515476966488,0.11560129120763869,0.034059426510809586,-0.014543153215484012
0.06596547686070368,-0.5239149610954633,-0.5870526139154123,0.12550748164169198,0.03597517380133488,-0.015519289060876384
0.06926967569336842,-0.4804566681174043,-0.6391138701529833,0.13496607448344797,0.03779575873380327,-0.016476335852998694
0.07237018301175509,-0.4350733751522543,-0.6924049687552364,0.14370609949369023,0.03950579642535517,-0.01740834584079564
0.07524107557064906,-0.38779291459120746,-0.7466066744400021,0.1514325335026312,0.041090640393315545,-0.0183099530812166
0.0778576700707346,-0.3386416117027222,-0.8013790438983951,0.1578287827372506,0.04253628965391342,-0.019176408687771915
0.0801962124069252,-0.28764303457859025,-0.8563648102782551,0.162558786005237,0.04382922591218946,-0.020003573778031705
0.08223347083233803,-0.23481743301023889,-0.9111916209781288,0.16526862646215584,0.04495619607724806,-0.020787874086715407
0.08394626750730304,-0.18018197911792508,-0.9654730314555908,0.1655876717067311,0.04590395888499317,-0.021526221736184185
0.0853109854698558,-0.12375188188117504,-1.01880831665323,0.1631293793262773,0.04665901611558068,-0.02221590970447752
0.08630308907457143,-0.0655424228548434,-1.0707812793181009,0.15749199609126305,0.04720734971430417,-0.02285448351741571
0.08689669729187888,-0.005571949617001749,-1.1209583086963038,0.1482594403745231,0.04753418710795616,-0.023439593154496813
0.08706425244724146,0.056134139152272104,-1.1688859805350083,0.1350026902478737,0.04762381900222677,-0.023968826635360763
0.08677633281156716,0.1195383859844558,-1.214088499790823,0.1172820060062911,0.04745949741473344,-0.024439525728892346
0.0860016658008358,0.18458522567828864,-1.2560652793988873,0.09465029547622018,0.04702344658807143,-0.024848584138096073
0.08470740807936948,0.2511939070354864,-1.2942889268275921,0.0666578800747573,0.04629702500566902,-0.02519222977584973
0.08285976669036282,0.3192504538896238,-1.3282038758330525,0.03285883299728105,0.04526108136623913,-0.02546579575530597
0.080425036523772,0.388598822749364,-1.357225851338794,-0.007181069585026801,0.04389654824735563,-0.025663489797587532
0.07737111666251957,0.45903153791545276,-1.3807422858394947,-0.053874924967524246,0.042185310106331815,-0.025778179030371
0.07366953202439855,0.5302802409941848,-1.3981137098013054,-0.10760418534136934,0.040111361795172364,-0.025801216333547806
0.06929791752463373,0.6020067700602112,-1.4086760086094439,-0.16870771199481974,0.037662234245482956,-0.025722344575841816
0.06424281396435186,0.6737955623242181,-1.4117432655127686,-0.23747140442149364,0.03483060197520838,-0.025529724599029736
0.05850248346190897,0.7451483151845555,-1.406610682789455,-0.31411976283998927,0.031615905577185154,-0.025210139252910654
0.052089302903140705,0.8154818880007279,-1.392556781365763,-0.3988110822073111,0.028025735885833437,-0.024749426448764853
0.0450311869726833,0.8841303111240488,-1.3688437195117873,-0.49163823791930744,0.024076664092085604,-0.02413318681007089
0.03737149563155907,0.950351424730091,-1.3347141650213994,-0.5926371244025175,0.019794202914095827,-0.023347795429777905
0.02916705200416765,1.013338076762773,-1.289382774024057,-0.7018046489298078,0.01521168154829037,-0.022381725349787357
0.020484238914158084,1.0722330493863004,-1.2320201379582616,-0.8191276634477541,0.010368013845821204,-0.02122717187600121
0.01139356568340389,1.126146217009534,-1.1617274035193883,-0.9446232194261547,0.005304583352417795,-0.019881971456594188
0.0019634072814012585,1.1741724032606715,-1.0775014139637458,-1.0783887818660116,6.164924760703361e-05,-0.018351871992090745
-0.007746481324891875,1.2154100297965544,-0.9781950432466654,-1.2206576356332492,-0.005325374462233191,-0.01665339071523424
-0.017692093357067867,1.248986079123486,-0.8624902613700789,-1.3718468725987323,-0.010829981063464415,-0.014817881356842286
-0.027856574027872606,1.2741069496503465,-0.7289346456083248,-1.5325655510792695,-0.016440963953783225,-0.01289815611857482
-0.03827856063829961,1.2901875177025568,-0.5761723993246145,-1.7035021427458332,-0.022178069225310848,-0.010980164966268845
-0.049133349147660425,1.2971736567770802,-0.40366178151695564,-1.8850125017687045,-0.02813646090377218,-0.00920324324567204
-0.06094535817208836,1.2962246205371226,-0.2133138138650306,-2.076143589387746,-0.034602551107026,-0.00778946121430058
-0.07500022906451041,1.2906685125690414,-0.0118775246963309,-2.2732060776561576,-0.042278004113668256,-0.0070656736173593145
-0.09368721797699421,1.286163086508637,0.18854014294094384,-2.4694860375198697,-0.05246612163362118,-0.007438045630677672
-0.11992597865391379,1.2887274558650001,0.37505770929080257,-2.6579776424489734,-0.06676413158711683,-0.009319167899388617
-0.15541633267650903,1.3021209193282037,0.5399529573004226,-2.834732040156437,-0.08611848158125926,-0.013074890987541896
-0.19910427961698862,1.3272422261849701,0.681594754560431,-2.9991205970150903,-0.10998849945001625,-0.018948995755341074
-0.24744158822857984,1.363236642273216,0.8016448434132191,-3.152077270020028,-0.136471509880671,-0.026909585707383648
-0.2962859851634058,1.4087442162214057,0.9023788515021797,-3.294641577013925,-0.1633225164149772,-0.036593441665932445
-0.34261304998738057,1.4625442107232973,0.9854857259423516,-3.427394224481204,-0.1888867894467893,-0.047459890141600826
-0.384902876088939,1.5236438691596563,1.0519782693208,-3.5504532929327692,-0.21231974747274995,-0.05898771909617998
-0.4226932793065241,1.5911637341465734,1.102469752958452,-3.6636363439329362,-0.23335095517887905,-0.07076814099545219
-0.45606167462546565,1.664246163426032,1.1374118424338504,-3.766608386849522,-0.25200487229060337,-0.0825092639723563
-0.48530506903134407,1.7420311882842012,1.1572222288513754,-3.8589865461590063,-0.26842721032859335,-0.09401140406301706
-0.5107897322873831,1.8236754158692057,1.1623373625430367,-3.9404122608800884,-0.2828031555991804,-0.10514343275765474
-0.5328915419538279,1.9083869542534795,1.1532257604044862,-4.010599906935487,-0.29532501995739513,-0.11582606524308671
-0.5519743455677596,1.9954599300748843,1.1303817291530813,-4.069365657687995,-0.3061806393899922,-0.1260200057319863
-0.5683812221809328,2.084300666647871,1.0943098418762909,-4.116639108867072,-0.315548702678397,-0.13571647638993306
-0.582429244757769,2.174442751521452,1.0455064065180446,-4.152461018399898,-0.3235958043367312,-0.14492897572763214
-0.5944052962421917,2.265550940370185,0.9844428490943015,-4.17697180364654,-0.33047388441573666,-0.15368610529143248
-0.6045628028306724,2.3574147721520706,0.911556265127625,-4.190396696521867,-0.3363180283045847,-0.16202567269064935
-0.6131195991849383,2.4499322699870163,0.827254271286368,-4.193034893848281,-0.3412448039779092,-0.1699902523870659
-0.6202569419414867,2.543082369017957,0.7319450342500132,-4.185262133970233,-0.3453511953550242,-0.17762422430109664
-0.626119573922295,2.6368820053008686,0.6261089117733636,-4.167559088023149,-0.3487141150125318,-0.18497215951544543
-0.6308169745314279,2.7313212006606644,0.5104329707197865,-4.1405803718773395,-0.35139061161838764,-0.19207830381965474
-0.6344266107072846,2.8262707628509016,0.38602369034590434,-4.105274683697891,-0.35341930096093,-0.19898675179718256
-0.6370009205839602,2.9213711127865847,0.2546729194086591,-4.06304081903856,-0.3548241347067795,-0.20574160176694256
-0.6385797976117753,3.0159462282408387,0.11905395881496819,-4.01584199979493,-0.35562169570588914,-0.2123859964773727
-0.6392073385833309,3.109026283538197,-0.01738226652772977,-3.9661325710890827,-0.3558313984114526,-0.2189590850142413
-0.6389456637306726,3.1995357971368916,-0.15096332314422223,-3.9164986163213062,-0.3554842156588759,-0.22549147167268413
-0.6378767545520563,3.286571634844012,-0.2785890829600364,-3.8691458112357093,-0.354624167645694,-0.23200185741185647
-0.6360916929769095,3.3695952332142416,-0.39827524893629146,-3.825544156392848,-0.35330188210673424,-0.2384973402602517
-0.6336764422966573,3.448447093301523,-0.5091931968614828,-3.7863944361346533,-0.35156572995155533,-0.24497684894141852
-0.6307026133172503,3.523242025583068,-0.6113705832032984,-3.75181562303953,-0.34945585786698585,-0.2514352265457293
-0.6272247625019566,3.5942446995135673,-0.7053319416411291,-3.7215758320037233,-0.3470022355549225,-0.25786621688838857
-0.6232817066161568,3.661777802654034,-0.7918278290407808,-3.695270064304784,-0.34422524547599337,-0.26426406794677165
-0.6188992502012944,3.7261690883104404,-0.871672575352694,-3.672429711854899,-0.341137214888943,-0.2706241670568411
-0.6140929071337325,3.787726189901466,-0.9456611175661537,-3.6525812957942367,-0.3377439944902459,-0.2769431631723511
-0.6088701112459709,3.8467274274682524,-1.014532599804629,-3.635274513775815,-0.33404625121363635,-0.2832188706855765
-0.6032318503570911,3.903420656258658,-1.0789585222044658,-3.6200936815542524,-0.3300404201327054,-0.28945010714662545
-0.5971738104301951,3.958025656669789,-1.139542609497731,-3.6066608523022983,-0.3257193601313659,-0.29563653313505167
-0.5906871444328375,4.010737759892483,-1.196825641426998,-3.594635074155993,-0.32107277899131276,-0.30177852079946277
-0.5837589665934466,4.061731620765123,-1.2512919066101234,-3.5837100596567772,-0.3160874872733496,-0.3078770591400703
-0.5763726505374392,4.111164676519886,-1.303375737539527,-3.573611372697791,-0.31074752804939204,-0.31393369695498036
-0.5685079903163948,4.159180136796247,-1.3534674864413745,-3.564093639427813,-0.30503421843084616,-0.31995052226707893
-0.560141269142364,4.205909492063755,-1.4019187364539842,-3.5549379920526416,-0.29892613076905017,-0.32593017704155636
-0.5512452715022005,4.251474587406012,-1.4490467405118999,-3.545949812359366,-0.29239903642098664,-0.3318759067699673
-0.541789269464026,4.295989328980307,-1.495138161238831,-3.5369567780706017,-0.28542583271495775,-0.3377916454582129
-0.5317390127185033,4.339561092629526,-1.5404522100059048,-3.527807190051857,-0.2779764739014346,-0.343682137451352
-0.5210567538100174,4.38229189847038,-1.5852232826344421,-3.518368551649872,-0.27001792928491997,-0.3495530982034723
-0.5097013449455068,4.4242794067328814,-1.629663178061931,-3.5085263727611156,-0.26151419641712254,-0.35541141640359974
-0.49762845072434386,4.465617780867251,-1.6739629718950961,-3.4981831754455546,-0.25242640431462254,-0.36126539958553966
-0.48479093214774643,4.506398454795321,-1.7182946025284542,-3.487257682384622,-0.24271305129083748,-0.3671250641592983
-0.4711394712129657,4.546710832323513,-1.7628122149412835,-3.4756841728248933,-0.23233043418066768,-0.3730024682334733
-0.4566235216737947,4.58664293799785,-1.8076532971167776,-3.463411991972233,-0.22123334013434814,-0.37891208099929885
-0.44119268859824606,4.6262820298052105,-1.8529396366977884,-3.450405198419623,-0.20937608765251847,-0.3848711749796329
-0.42479865396253746,4.665715174907955,-1.898778121454676,-3.436642329495326,-0.19671401767080793,-0.39090021614985704
-0.4073977718888207,4.705029780100634,-1.9452614069678666,-3.422116255938971,-0.1832055436860952,-0.3970232109330401
-0.38895444587107325,4.744314059488147,-1.9924684792914038,-3.4068340849984886,-0.168814864519688,-0.4032679480064356
-0.3694453578288182,4.7836574144649395,-2.0404651498076913,-3.3908170557619504,-0.15351541302405222,-0.40966604771415777
-0.3488645280032111,4.8231506980661925,-2.089304533931452,-3.374100354816118,-0.13729404427586847,-0.41625270621172916
-0.3272290288186769,4.8628863410092995,-2.1390275832640437,-3.3567327690631195,-0.12015584256645084,-0.42306600286168466
-0.30458494732973307,4.902958334545973,-2.1896637582861964,-3.3387760932026205,-0.10212923947894684,-0.4301456404975894
-0.2810129062486766,4.943462098245934,-2.2412319386097908,-3.3203042306773365,-0.08327089615869977,-0.4375310257235045
-0.25663217085238604,4.984494306327147,-2.293741660600264,-3.301401974608271,-0.0636695562563856,-0.44525868624281256
-0.23160219694080628,5.026152791862233,-2.3471947391230894,-3.2821635254398007,-0.0434479098777328,-0.45335916874365767
-0.20612055449134156,5.068536670727826,-2.4015872700062193,-3.262690873637482,-0.022761541740261237,-0.4618537434846606
-0.18041660550661512,5.111746797646355,-2.456911936213638,-3.2430922094511465,-0.001794369672265689,-0.4707514065816108
-0.15474111624870346,5.155886565648041,-2.513160484554939,-3.223480471755848,0.019249379778788937,-0.4800467413873811
-0.12935295205768724,5.201062896128026,-2.570326239313696,-3.203971988197307,0.04015580866925628,-0.48971911205104685
-0.10450479567663294,5.247387083616937,-2.628406598408281,-3.184684909720582,0.060713059244819734,-0.4997334095743463
-0.08043011319950989,5.294975023624342,-2.6874056044514933,-3.1657368775319634,0.08072227140266465,-0.5100422284121241
-0.05733323206594244,5.343946320755286,-2.747336845100495,-3.147241181264353,0.10000619671421689,-0.5205890468039388
-0.03538354584641458,5.394421869802155,-2.8082270425698135,-3.1293006609440956,0.11841454209193904,-0.531311827715782
-0.014713867351720766,5.446519708369604,-2.8701206820371694,-3.1119988137368035,0.1358259269047977,-0.5421464862758042
0.0045778406722592835,5.500349218550742,-2.9330858797996555,-3.0953879795523975,0.15214700921253574,-0.5530298378056231
0.022424531507859138,5.556004067752375,-2.997221421731702,-3.0794750478456563,0.16730970235779208,-0.5639018584334984
0.03878512681114415,5.613554588463157,-3.0626645603552625,-3.064205771834092,0.18126744899481917,-0.5747072761939453
0.05363949535731258,5.6730405640643395,-3.12959881600108,-3.0494493883945766,0.1939913374600488,-0.5853966211813018
0.06698393698334296,5.734465565647159,-3.1982607680761563,-3.0349856908779786,0.20546655859429952,-0.5959268955799721
0.07882739965279921,5.797794024183722,-3.268944731360103,-3.020496851045342,0.21568941173176912,-0.6062619999524296
0.08918838487577685,5.862952085533818,-3.3420043590490223,-3.005566023797023,0.22466483641655902,-0.6163729998967696
0.09809232172600546,5.929832968583521,-3.4178506338509025,-2.9896840411028607,0.23240429172450405,-0.6262382613218944
0.10556910141015659,5.998307046170265,-3.4969463840092945,-2.972264339470209,0.2389237219532701,-0.6358434384944975
0.11165043998278235,6.068236248656347,-3.5797983125910093,-2.9526647994655963,0.2442413190202978,-0.6451812743384416
0.11636675430276686,6.139491753291547,-3.6669484111926174,-2.930213649886304,0.24837480085465521,-0.6542511701005239
0.11974327658420875,6.211973424379876,-3.7589673559966035,-2.9042353439917625,0.2513379556265636,-0.6630585011178702
0.12179517268568177,6.285629295294929,-3.8564528835589855,-2.8740717083676794,0.25313623351939535,-0.6716136926628726
0.12252143165330572,6.360473683871869,-3.9600361534981556,-2.839093914451716,0.2537611674752719,-0.67993111499196
0.12189720404380805,6.436603343059128,-4.070398859098899,-2.7987018393323386,0.25318332134415117,-0.68802789631613
0.11986401297670703,6.514212260326253,-4.188303699412893,-2.752308711867968,0.25134323163683947,-0.6959227750024788
0.11631675313936693,6.593607149850469,-4.314641298030352,-2.6993098833147604,0.24813934132336754,-0.703635115987906
0.11108548717757713,6.67522722463736,-4.450498352520008,-2.6390343984897595,0.24341108712492684,-0.7111842141589008
0.10390847559357616,6.759673610880158,-4.597255414727829,-2.5706761888398093,0.2369138420836148,-0.7185890310039754
0.09439008461712001,6.847756181787382,-4.756729076967838,-2.4931977078329313,0.22827981785177354,-0.7258686219074827
0.08193212649600416,6.940569168817434,-4.931383207068081,-2.4051924482082994,0.21695428418662852,-0.7330438453949703
0.06561798432363626,7.039611137004513,-5.124645106987688,-2.3046856175109793,0.2020878526729966,-0.7401418494746885
0.044014422155884046,7.146961876304728,-5.341353824480176,-2.188857741317934,0.1823519403222175,-0.7472072633976542
0.01485014396462912,7.265470061047108,-5.588214041102499,-2.05377191164106,0.15563839254790407,-0.7543305393507717
-0.025343586483231463,7.39855016466795,-5.873213887690331,-1.8947522310044973,0.11871914505546866,-0.7617187655226354
-0.08066498080463096,7.547791749497412,-6.199426335143223,-1.7102378761689323,0.06775410015775757,-0.7698377936243875
-0.15142877717755293,7.706015071104126,-6.547440371878928,-1.5125787979311105,0.0023615491763634543,-0.7794588746470021
-0.22927961788534654,7.8572890670446105,-6.876209461149446,-1.3272762685802002,-0.06980161821141138,-0.7910893516042141
-0.30431645621547493,7.992971774252983,-7.1638976835522925,-1.1678193349887658,-0.13955901854949282,-0.8044150612252164
-0.37180710234379216,8.114146465426677,-7.413035437084826,-1.0328215160163299,-0.2024679546599354,-0.8187160184307224
-0.4305958781895268,8.224321962992198,-7.631803414841538,-0.91757291326596,-0.25739681014505567,-0.8333362924679928
-0.4809937129200699,8.32655834042445,-7.827014958496334,-0.8182599488827913,-0.30458643267771984,-0.8478204718696186
-0.5238288549494711,8.423148297112249,-8.003491963159075,-0.7322907426764536,-0.34477132960920054,-0.8619020891993041
-0.5600490554262256,8.515781214891645,-8.164569805792237,-0.6579589616785798,-0.3788081142069825,-0.875453713702816
-0.5905529116706213,8.60571205075259,-8.312581624693602,-0.5941296434393349,-0.4075159045500589,-0.8884379707146887
-0.6161252643057333,8.693873788799058,-8.449199583323866,-0.5400106261790142,-0.43161368260452865,-0.9008705845760946
-0.6374217092076682,8.780943061230719,-8.575667994671901,-0.4949850822304668,-0.4517038791000783,-0.912795695225579
-0.6549758426438171,8.867375619518748,-8.692966686737863,-0.4584838231060935,-0.46827766333879833,-0.9242705340708228
-0.6692161728195033,8.953426329970304,-8.80192795309296,-0.4298888699758933,-0.4817296959629179,-0.9353563907539113
-0.680486035688666,9.039165640093504,-8.903318372294105,-0.4084689276939355,-0.4923760415475865,-0.9461135146380452
-0.6890629091036663,9.124501106573206,-8.997890125196873,-0.39335053820287363,-0.5004717876398905,-0.956598368699997
-0.695175095025708,9.209208131965424,-9.08640462550825,-0.3835259723102824,-0.5062263948814971,-0.9668622614076935
-0.6990147955511347,9.292969207991527,-9.169632728165862,-0.37789264303047,-0.5098158003294424,-0.9769507972063453
-0.7007474808023735,9.37541724423546,-9.248338233403206,-0.37531276982031886,-0.5113911261523328,-0.986903837664343
-0.7005181008902707,9.45617716757355,-9.323252816163413,-0.3746793704810609,-0.5110844743943804,-0.9967557967766034
-0.6984550167591014,9.53490088629577,-9.395049993839399,-0.3749762000507502,-0.5090126055611385,-1.0065361519464346
-0.6946725178339379,9.611292867700376,-9.464323697734182,-0.3753235044835659,-0.5052793031648327,-1.0162700768612059
-0.6892725884094341,9.685125761057176,-9.531574440578675,-0.37500619610615227,-0.49997703951784617,-1.0259791193060448
-0.6823463398232794,9.756247009097187,-9.597203824307659,-0.3734847686028278,-0.493188331496593,-1.035681865566056
-0.6739753441672213,9.82457813828837,-9.661516583584007,-0.3703915139964526,-0.4849870068310061,-1.0453945527671875
-0.6642330115628549,9.89010863210815,-9.724728505468848,-0.3655156344356977,-0.4754395154752374,-1.0551316072943182
-0.6531861194414749,9.952886230735313,-9.786978242400679,-0.3587810796903828,-0.46460639123485153,-1.0649060984872964
-0.6408965873151456,10.013005317207552,-9.848341077189977,-0.3502207022021964,-0.4525439565015027,-1.0747301018982796
-0.6274235635283341,10.070594797625873,-9.908842976034625,-0.3399497833295994,-0.4393063380583892,-1.0846149672508096
-0.612825839661127,10.125806576141219,-9.968473676403915,-0.3281412614059461,-0.42494781288118955,-1.0945714854596438
-0.5971645371641259,10.178805385453211,-10.0271980115008,-0.3150041943788228,-0.40952543295796345,-1.1046099490621613
-0.5805059305882829,10.22976039835705,-10.084965096335772,-0.30076623062166213,-0.3931017982450666,-1.1147401028670139
-0.562924195119802,10.27883875700154,-10.141715340382373,-0.2856602342057265,-0.37574776954540057,-1.1249709873789548
-0.5445038051092047,10.32620094234145,-10.197385486035353,-0.2699147655808994,-0.3575448504981799,-1.1353106866407394
-0.5253412769321437,10.3719977742815,-10.251912004463671,-0.25374785808942674,-0.33858693226637987,-1.1457660037754795
-0.5055459563933881,10.416368772505724,-10.30523323074498,-0.23736342372848648,-0.31898109876203007,-1.1563421000559782
-0.485239609132287,10.45944159832276,-10.357290613129047,-0.22094962221863057,-0.29884724589144324,-1.167042144179963
-0.46455468682818146,10.501332317059303,-10.408029408865694,-0.20467859169301422,-0.2783163805131014,-1.1778670243545373
-0.44363130442329446,10.542146251196083,-10.457399097352148,-0.18870703389624965,-0.25752762605828916,-1.1888151737096624
-0.42261314948665185,10.581979226223009,-10.505353711221286,-0.1731772508432788,-0.2366241478802712,-1.1998825477690949
-0.40164271560590575,10.620919040440146,-10.551852215132602,-0.1582183322948316,-0.21574838388915224,-1.2110627720450633
-0.3808563649557011,10.65904701743851,-10.596858996995486,-0.14394728838882243,-0.19503708229758795,-1.222347452059707
-0.36037974979522447,10.696439528032432,-10.640344483055312,-0.13047000543075188,-0.17461667656505814,-1.2337266130842033
-0.34032405126485077,10.733169398249206,-10.682285851128404,-0.11788197163506273,-0.15459945971523906,-1.245189218628838
-0.3207833464768558,10.769307150710524,-10.72266779693242,-0.1062687706301872,-0.1350808753294673,-1.256723709208496
-0.301833231067652,10.804922055661786,-10.761483305187257,-0.09570637270546418,-0.11613805977338147,-1.268318506815496
-0.2835306482384665,10.840082991857546,-10.798734385458744,-0.08626126857094879,-0.09782959371297673,-1.2799624433182857
-0.2659147410421711,10.874859134270181,-10.834432746900656,-0.07799049161513846,-0.08019628525524507,-1.2916450882702648
-0.2490084685041302,10.909320494612158,-10.868600400987384,-0.07094156725663658,-0.06326272887136881,-1.3033569688479254
-0.23282070656590903,10.943538342996355,-10.901270193579219,-0.06515241679057522,-0.047039362619434,-1.3150896885593752
-0.21734857840812025,10.977585536695795,-10.932486275754602,-0.060651231761540754,-0.03152476804505546,-1.3268359604420277
-0.20257980763566788,11.011536777085807,-10.962304526881384,-0.05745632546499133,-0.016708004872748948,-1.3385895747166432
-0.18849494578362558,11.045468810279887,-10.99079294437429,-0.05557596145984142,-0.0025708299102533087,-1.3503453212622025
-0.17506938088613017,11.07946058192817,-11.018032013748428,-0.0550081548377995,0.01091029535526836,-1.3620988851525906
-0.16227507985371828,11.113593352768213,-11.044115071027433,-0.055740439874974325,0.0237624579060124,-1.3738467300961756
-0.15008205176225925,11.147950778993687,-11.069148668070145,-0.05774959692977739,0.03601482190358368,-1.3855859808833426
-0.13845954228462481,11.182618960263646,-11.093252950375863,-0.06100133148858883,0.0476974243055496,-1.3973143124657907
-0.1273769832469453,11.217686458023275,-11.116562056590952,-0.06544989870477798,0.05884021462946727,-1.409029850358927
-0.11680472798108818,11.253244287540802,-11.139224549287654,-0.07103766739530427,0.06947230909246473,-1.420731084759909
-0.10671460497698776,11.289385888518138,-11.161403887570382,-0.07769461813826481,0.07962142724906973,-1.4324167990688998
-0.09708032113540692,11.326207081200085,-11.183278953636028,-0.0853377708090948,0.08931348023428588,-1.4440860122898438
-0.08787774305819865,11.363806017546366,-11.205044647563508,-0.09387053758270725,0.09857228241510405,-1.4557379339516117
-0.07908508125426303,11.402283140254612,-11.226912567386307,-0.10318199808673467,0.1074193616896303,-1.467371929618291
-0.07068299852274489,11.441741166283663,-11.249111795032157,-0.11314609396263622,0.11587384720335965,-1.4789874946524109
-0.06265466049949064,11.482285116103402,-11.271889813180888,-0.1236207404855062,0.12395241647086029,-1.4905842335788655
-0.05498574365707702,11.524022415276889,-11.295513583723805,-0.13444685298630607,0.13166928655418814,-1.5021618421078233
-0.047664414074002674,11.567063101236643,-11.320270825535633,-0.14544728547942118,0.13903623591236072,-1.5137200885600934
-0.04068128912621941,11.61152017527878,-11.346471537840985,-0.15642567803877805,0.1460626447070747,-1.5252587910499515
-0.03402939398218981,11.657510147795266,-11.37444982547131,-0.16716520816497438,0.152755541652299,-1.536777786265158
-0.02770412549658967,11.705153833321624,-11.40456609309997,-0.17742724010954997,0.1591196448387858,-1.548276884972916
-0.021703237940457382,11.754577460418353,-11.437209685264673,-0.18694986615288375,0.16515738221454873,-1.5597558083758363
-0.01602686820156497,11.805914168257544,-11.472802053424594,-0.19544633807809478,0.17086887434752726,-1.5712140979986537
-0.010677622986654844,11.859305964014734,-11.511800521599898,-0.20260340160663803,0.17625185740775273,-1.5826509896914482
-0.005660757678417071,11.914906206649963,-11.554702680440181,-0.20807958345310215,0.18130151748992876,-1.5940652392844814
-0.0009844865775048852,11.972882651234526,-11.602051330629543,-0.21150356344790786,0.1860101977603395,-1.605454883016909
0.0033395217927325712,12.03342100970275,-11.654439651890955,-0.21247293793423191,0.19036692659443633,-1.6168169096128555
0.007295391996900668,12.096728812286928,-11.712515762384374,-0.2105540303939019,0.19435669711152118,-1.6281468124378362
0.010861936158175343,12.16303900055695,-11.77698480937271,-0.20528408784442936,0.19795940657282987,-1.6394379798983727
0.014011076460512048,12.232611986760077,-11.848604754256439,-0.196178494102033,0.20114834190542968,-1.650680872892241
0.01670566689625355,12.305733605201718,-11.928168357087003,-0.1827479795373769,0.2038880893552231,-1.6618619389852052
0.01889663034990924,12.382704092783895,-12.016457568556033,-0.16453477490919746,0.20613179125679534,-1.6729622493489906
0.020519520666889085,12.463809767490883,-12.11414717397325,-0.14118240554956893,0.20781786201511893,-1.683955974772772
0.021491133829434954,12.549265477456558,-12.22162524137756,-0.11255914416397134,0.2088667739467264,-1.6948091492919564
0.02170779793271125,12.639117255663658,-12.338703054438387,-0.0789506455753566,0.2091794922706894,-1.705479816607713
0.02104816913828872,12.733113257196258,-12.464240867614265,-0.04130137749324346,0.20864028047271496,-1.715921446701837
0.019383007895728027,12.83059848556656,-12.595849023637365,-0.0013988447360963087,0.20712622450977122,-1.7260913641372095
0.01658968379838001,12.930536929347152,-12.729957286135082,0.038187271918279905,0.20452123351795884,-1.7359629588248668
0.01256163089986299,13.031721391429166,-12.86242274080227,0.07451408920540176,0.20072504543542913,-1.745535360675332
0.007202770286399624,13.133071543598863,-12.989399963032554,0.1048378917536768,0.19564768080544725,-1.7548335003155344
0.0004083900381516969,13.233829602961695,-13.10793971774204,0.12700693469317248,0.18919092387834918,-1.763898657888118
-0.007956723939520101,13.333572858540737,-13.216083574058104,0.13953050528678984,0.18122731131046027,-1.7727763016763627
-0.01807499834860468,13.432109748358789,-13.312632488829838,0.1414419832246184,0.17158421737496654,-1.7815068381887929
-0.03018685466894836,13.5293541382606,-13.396849914357052,0.13212296700839776,0.16003371006425846,-1.7901201669099187
-0.04459792266238226,13.62522580420932,-13.468233491183065,0.11117287967899059,0.1462858597340761,-1.7986323490808431
-0.06168447092820032,13.719585142490555,-13.526377747238204,0.07833671149616825,0.1299837574580128,-1.8070425432129822
-0.08189712647091979,13.812195524812363,-13.570907114276185,0.03347581520895141,0.11070015285057999,-1.8153289725939727
-0.10576089813019848,13.902705913412866,-13.601453817749794,-0.023436642099389816,0.0879375836332288,-1.8234432248599375
-0.13386620726439286,13.990648922329335,-13.617661052590806,-0.09231030704671682,0.0611370150388323,-1.831302592373306
-0.16683868300615656,14.075450802548302,-13.619196552154454,-0.17293347543950632,0.029706606661216054,-1.8387807862216028
-0.20526083023395444,14.156447770586873,-13.605761113786103,-0.26497958662607757,-0.006903852170911584,-1.8456990207775295
-0.2494928500227479,14.23289617644904,-13.57706850749562,-0.36803476991789913,-0.04903275086056721,-1.8518239938599281
-0.29931506565129873,14.303953051438565,-13.532757961242886,-0.4816605865969797,-0.09646704106109764,-1.8568892893361828
-0.35336382970336555,14.36860178105053,-13.472196427104834,-0.6055079461454563,-0.14790651970149019,-1.860669354419444
-0.4086181115741412,14.42554460105241,-13.394197625562319,-0.7394775818439469,-0.20047647096792162,-1.8631218974777155
-0.460662508832971,14.47320072406578,-13.296879481031526,-0.8838526059134365,-0.249978279181648,-1.8645234289811323
-0.5052133412944924,14.50998749145406,-13.177994189049006,-1.0392580460568481,-0.292340287739247,-1.8654224780243394
-0.5399130178910847,14.534842510261264,-13.035781219746204,-1.206347110973756,-0.3253231986189809,-1.8663791037572344
-0.564846462479651,14.547797878843866,-12.870178169638855,-1.3851617649927213,-0.3490102891160069,-1.8677379663226776
-0.5817951678889713,14.55061599462107,-12.684505941747759,-1.5740505659331256,-0.3650974959472232,-1.8696166773712632
-0.5932364735309065,14.547314342229097,-12.487096582882794,-1.7685330475206271,-0.37594166114889704,-1.8720247417781608
-0.6015397574262124,14.543555248810655,-12.290166784317591,-1.961838997657763,-0.3837963950866443,-1.874959672384782
-0.6084108160867174,14.544507139864487,-12.104813873128926,-2.1478575781294498,-0.3902838983617588,-1.8784228812573671
-0.6147753952600894,14.553188305518002,-11.937124014852998,-2.3234292041418065,-0.3962842149898267,-1.8824014090334613
-0.6210241047041442,14.570609523073927,-11.788679865959377,-2.487966147296105,-0.40216820310810497,-1.8868648556434344
-0.6272820523289921,14.596652104041159,-11.658783386250134,-2.642070750857508,-0.40805410406454506,-1.8917743959704156
-0.6335608410827775,14.63070964563929,-11.546001137201541,-2.786607774752476,-0.41395223724016883,-1.8970900408792324
-0.6398234070002832,14.67199307058866,-11.448838486509436,-2.922324943529742,-0.41982677788510653,-1.9027737091741852
-0.6460092580791226,14.719651327873517,-11.36595151833952,-3.049758230764488,-0.42561985834786076,-1.908790069242719
-0.6520452162028025,14.772817158791229,-11.296175992605152,-3.169247525244055,-0.4312618704784037,-1.9151066694354524
-0.6578517305226217,14.830627925297328,-11.238498062878502,-3.2809861265265186,-0.4366775380913167,-1.9216939731610394
-0.663348165570007,14.892240307644455,-11.192014192832234,-3.385074861076028,-0.44179098473753126,-1.9285254318383813
-0.6684577905717621,14.956844365599357,-11.155896230300126,-3.481570292927063,-0.446530478589789,-1.9355775530938486
-0.6731122003296208,15.023677328829772,-11.129365668708214,-3.570523478870506,-0.4508325960743008,-1.94282989581704
-0.6772546688968664,15.09203588414048,-11.11167680174995,-3.6520084680063136,-0.45464533660055645,-1.9502649557144818
-0.6808420831808066,15.161285644301952,-11.102107070596668,-3.7261410273174067,-0.4579298661338012,-1.9578679456897714
-0.68384539282348,15.230866988263182,-11.099952640566976,-3.7930887805935707,-0.46066084490690723,-1.965626502293209
-0.6862487854200775,15.300297088361289,-11.104527433275374,-3.853074329550305,-0.4628255521065418,-1.9735303579099497
-0.6880479634985753,15.369168456827937,-11.115164184971567,-3.9063730621091595,-0.4644221748869036,-1.9815710132281137
-0.6892479428965965,15.4371446678853,-11.131216465693477,-3.9533072986797313,-0.46545766471540195,-1.989741433307244
-0.6898607404808111,15.50395404723306,-11.1520609170179,-3.99423824279089,-0.4659455102840873,-1.9980357789849634
-0.6899032191757587,15.569382113307261,-11.177099229383641,-4.029556945370207,-0.4659036781453374,-2.0064491762874574
-0.6893952506226102,15.633263458975316,-11.205759584128536,-4.059675209435043,-0.4653528685065052,-2.014977520640751
-0.6883582651753052,15.695473624953799,-11.237497438910278,-4.085017087466634,-0.46431514733516716,-2.02361730960951
-0.6868141947025744,15.75592137025084,-11.271795647288434,-4.106011378617402,-0.46281295545581697,-2.032365496882578
-0.6847847749644204,15.814541610496473,-11.308163981647875,-4.123085328862427,-0.46086845943667,-2.041219360578132
-0.682291155573647,15.871289182324285,-11.346138179422002,-4.1366595787410985,-0.45850319216874086,-2.0501763801026676
-0.6793537601284514,15.926133504335958,-11.385278660682038,-4.1471442896995665,-0.45573792670290536,-2.059234117370558
-0.675992341316485,15.979054141619905,-11.42516907481898,-4.154936306978196,-0.4525927296771406,-2.0683900999110434
-0.672226181505972,16.030037237868623,-11.465414828879661,-4.160417178251377,-0.44908714661566146,-2.077641705095155
-0.6680743959321566,16.07907275232569,-11.505641733148098,-4.163951835883347,-0.4452404780599124,-2.0869860463100722
-0.6635563016438141,16.12615242343799,-11.545494873256573,-4.165887759991466,-0.44107211159799636,-2.0964198633291296
-0.6586918203447227,16.171268373048207,-11.584637784588983,-4.166554463485236,-0.4366018799063164,-2.1059394203134625
-0.6535018871631452,16.21441226100648,-11.622751966131332,-4.166263173652507,-0.43185041893867576,-2.1155404157654867
-0.6480088405494138,16.255574898108385,-11.659536729781552,-4.165306623110916,-0.4268395037206709,-2.1252179092509205
-0.6422367714155571,16.294746224343292,-11.694709340731274,-4.16395890184811,-0.42159234227178827,-2.134966269729777
-0.6362118127505543,16.331915559668523,-11.728005368915259,-4.162475357701702,-0.4161338113952233,-2.1447791498259563
-0.629962354584287,16.367072036760707,-11.759179145129952,-4.161092561357997,-0.41049062171465156,-2.1546494893105494
-0.6235191734151342,16.400205130600114,-11.788004202339772,-4.16002837079241,-0.404691403450957,-2.1645695495422657
-0.6169154698811877,16.43130520929872,-11.814273585674158,-4.159482137171412,-0.3987667088374468,-2.1745309787490683
-0.6101868131399718,16.460364044637537,-11.837799934183225,-4.159635089316203,-0.392748931392678,-2.184524906065887
-0.6033709946014019,16.487375238777293,-11.858415271341913,-4.16065091844981,-0.38667214603322986,-2.1945420604124375
-0.5965077968290352,16.512334544072377,-11.87597048477598,-4.162676562339999,-0.38057187677637216,-2.204572908832116
-0.5896386852437543,16.535240073710746,-11.89033452219826,-4.165843162442136,-0.37448480027594006,-2.2146078079797333
-0.5828064306544821,16.556092419653197,-11.90139337310136,-4.1702671438448915,-0.36844839361912013,-2.224637162107069
-0.5760546698241729,16.574894708928856,-11.9090489382215,-4.176051349759976,-0.36250053391869214,-2.2346515811122587
-0.5694274097424075,16.59165263824007,-11.913217906866825,-4.183286152809434,-0.3566790557220666,-2.2446420328711927
-0.5629684796824941,16.606374529294023,-11.913830763839314,-4.192050465820294,-0.3510212707244106,-2.254599984989825
-0.5567209341997206,16.619071443320394,-11.910831032956354,-4.2024125852142875,-0.3455634533550369,-2.264517532134558
-0.550726410653623,16.629757383483856,-11.904174834888012,-4.214430819245483,-0.34034029607370875,-2.274387506071688
-0.5450244471185413,16.638449599455885,-11.893830796204645,-4.228153879352917,-0.33538434007247625,-2.284203566383962
-0.539651770913903,16.64516899074811,-11.87978029816254,-4.243621043223182,-0.3307253906822611,-2.293960270495882
-0.534641574288024,16.649940586369596,-11.86201800270323,-4.260862129740626,-0.3263899319520022,-2.303653122142676
-0.5300228014116384,16.652794060167185,-11.840552545148745,-4.279897355278683,-0.32240056103022924,-2.313278597809931
-0.5258194786721555,16.653764226371855,-11.815407244598669,-4.300737163816555,-0.31877546916143285,-2.322834151018545
-0.5220501267817267,16.65289145101194,-11.78662066063706,-4.323382136227153,-0.3155280010169808,-2.3323181946976574
-0.5187272966986795,16.65022191419611,-11.754246824128575,-4.34782308358526,-0.3126663262918418,-2.3417300623209805
-0.5158572702552353,16.64580766704719,-11.718354993481178,-4.374041413971511,-0.3101932557794397,-2.351069948990818
-0.5134399597339658,16.639706444936365,-11.67902883454439,-4.4020098330011095,-0.3081062278034975,-2.3603388342130134
-0.5114690284840409,16.631981223411472,-11.636364986303894,-4.431693399058249,-0.3063974801087638,-2.369538388658592
-0.5099322382279926,16.62269953097858,-11.590471045638926,-4.463050911238596,-0.3050544082343496,-2.3786708676834496
-0.5088120102163591,16.61193255897318,-11.54146307053463,-4.49603656864238,-0.3040600959721884,-2.3877389947116816
-0.5080861696389155,16.59975412871455,-11.489462751130596,-4.530601810542597,-0.30339398911042964,-2.3967458377391653
-0.5077288284111809,16.586239586914903,-11.43459442441061,-4.566697232302029,-0.3030326724938398,-2.4056946821690595
-0.5077113526358087,16.571464700887535,-11.37698210912898,-4.604274472625902,-0.30295070406707875,-2.414588902960845
-0.5080033586058722,16.55550461648949,-11.316746715972947,-4.643287981477765,-0.3031214586164135,-2.423431838682847
-0.508573684915246,16.538432926446728,-11.254003551016938,-4.683696600162971,-0.3035179380251314,-2.432226669528855
-0.5093912968623593,16.52032087784431,-11.18886018678503,-4.725464910245887,-0.3041135128746223,-2.4409763007119563
-0.5104260911132071,16.501236727951813,-11.121414732612495,-4.768564331080339,-0.3048825706058764,-2.449683251899484
-0.511649581635032,16.481245239147924,-11.051754500330894,-4.812973962972364,-0.3058010565988257,-2.4583495525218035
-0.5130354605487263,16.460407287314883,-10.979955035895678,-4.858681181931965,-0.30684690505070683,-2.46697664190397
-0.5145600385223776,16.43877954336443,-10.906079473485343,-4.905681991273658,-0.30800036544504555,-2.4755652722779895
-0.5162025778613076,16.416414173243734,-10.830178165378856,-4.953981124174761,-0.3092442371198463,-2.484115411899975
-0.5179455371614317,16.393358485816897,-10.752288547463628,-5.003591868742096,-0.3105640287277253,-2.4926261448188676
-0.5197747491314021,16.3696544378495,-10.672435215512085,-5.054535551551057,-0.31194806118667645,-2.5010955634778322
-0.5216795527893615,16.34533787806541,-10.59063021088636,-5.106840564479325,-0.3133875319991624,-2.509520650542707
-0.5236528972146314,16.320437375196104,-10.50687354617599,-5.1605407498851,-0.3148765552768102,-2.5178971476135312
-0.5256914251906979,16.29497242671948,-10.421154041598212,-5.215672868734589,-0.3164121846246402,-2.526219411604565
-0.5277955290633581,16.26895078814145,-10.333450590448212,-5.27227276824261,-0.31799441352933,-2.5344802659501426
-0.5299693440232471,16.242364609183394,-10.24373402012582,-5.330369757014176,-0.31962612722407524,-2.5426708655591175
-0.5322206002745616,16.215185044606546,-10.151969746165019,-5.38997863448631,-0.32131294721203263,-2.55078061457941
-0.534560189504469,16.187355090324584,-10.058121389243572,-5.451088913643665,-0.32306286079771446,-2.558797207726982
-0.5370012121279113,16.158780698363138,-9.962155361969883,-5.513651217066519,-0.32488546315407196,-2.5667069101384885
-0.5395571768872124,16.12932091365177,-9.86404601613315,-5.577561904801376,-0.3267905719162655,-2.5744952401894503
-0.5422389794235971,16.098778989532192,-9.763780156078546,-5.642648977890132,-0.3287859461419372,-2.582148248521155
-0.5450504059646726,16.066898059086885,-9.661358597437403,-5.708665079845375,-0.330873937337801,-2.589654539636687
-0.5479823423453889,16.033366214766907,-9.55679141419063,-5.775295848382919,-0.3330472284284258,-2.5970079850951233
-0.5510066689916256,15.997835208345913,-9.450083587142704,-5.842191377827326,-0.3352844086851658,-2.604210696776307
-0.5540717029385754,15.959952835451848,-9.341210108977046,-5.909022303848684,-0.3375467687451993,-2.6112753888914764
-0.5571012962311116,15.91940193893915,-9.230084137050133,-5.975550430747457,-0.33977785239132985,-2.6182260886154354
-0.5599986542752416,15.8759330239027,-9.116525979416734,-6.0416934235315445,-0.34190649707393617,-2.625096582156868
-0.5626538592903337,15.829378017294593,-9.000240900917044,-6.10756290088159,-0.3438525522469924,-2.6319269170462256
-0.5649523054779547,15.7796404750915,-8.880808907652906,-6.173467419523788,-0.3455331793955701,-2.638759128486502
-0.5667809942977903,15.726667027709661,-8.757682986924936,-6.2398879506096385,-0.3468674935486227,-2.6456335402468465
-0.5680308156375647,15.670409701493085,-8.630187959723335,-6.307442916996877,-0.3477782102597517,-2.65258650177099
-0.5685944431985115,15.61078741653762,-8.497511470989323,-6.376859547700781,-0.3481900804880617,-2.659649729959439
-0.5683603248258496,15.547650276714633,-8.358679936018698,-6.4489625905190096,-0.3480255170784244,-2.6668509571104977
-0.5672031949906743,15.480745500907156,-8.212512987535407,-6.524686021501906,-0.34719776883730347,-2.6742154618973943
-0.5649707712007715,15.409680327366358,-8.057548510535453,-6.605111327081565,-0.34560143790507675,-2.6817681720866164
-0.561464974077547,15.333874574705622,-7.8919259670460695,-6.691537670059343,-0.34309918643902726,-2.6895362374486718
-0.5564139549687974,15.25249285382291,-7.7132082288582815,-6.785594119328583,-0.3395020190669643,-2.6975522012503843
-0.5494278116803711,15.164343804128336,-7.518113806129681,-6.889410034039543,-0.3345381235553644,-2.7058581188167987
-0.5399253513441578,15.067737066306501,-7.3021388545193755,-7.005855858467629,-0.32780135166973223,-2.714511075127471
-0.527013907063614,14.960331925778336,-7.059161715054231,-7.138796386340679,-0.318666607834761,-2.7235898143570596
-0.5093266459977149,14.839253008234262,-6.781760071262856,-7.292898766533708,-0.30617503033695176,-2.733196725946085
-0.4850274553204074,14.7026878349158,-6.465446307615564,-7.470977428252356,-0.28903608458839725,-2.7434241826910655
-0.45283292149365956,14.555115425880297,-6.12243785621931,-7.665323184196412,-0.26634352548135876,-2.7542076867635648
-0.4139542036963614,14.409804399551307,-5.788033047073316,-7.853646646696491,-0.23894126232155166,-2.765163687500035
-0.37098915237076785,14.27676900878385,-5.488785997731632,-8.01905940571608,-0.20865270320015364,-2.7758127509136767
-0.32545710747957396,14.15667879827953,-5.22683934380616,-8.159928303749973,-0.17655123998238434,-2.785824838518208
-0.27801746142626527,14.046682854708672,-4.9953948406792845,-8.28017942706503,-0.14311018861385438,-2.7949525891281057
-0.22927133713003572,13.943942164780912,-4.787882717698846,-8.383569091246164,-0.1087632221400196,-2.802965253835904
-0.18009489201551662,13.846271608842095,-4.599529481304459,-8.472722943847733,-0.07413658920838119,-2.809664887819403
-0.13166017450782722,13.75205672190573,-4.427050132352657,-8.54935030656492,-0.04006169273731358,-2.8149374461481105
-0.08527430117464355,13.660100693104424,-4.268170146485365,-8.614566188142406,-0.007460194796563754,-2.818796382333101
-0.04213747456737512,13.569511617541998,-4.121258597508324,-8.669144957270492,0.02282686725538589,-2.8213881859536825
-0.003136921684042394,13.479635611774185,-3.9850784926901137,-8.713703938539147,0.050183202989577125,-2.8229538934908085
0.03124092484140054,13.390026889419538,-3.858621178466647,-8.748840050901093,0.07427715793515913,-2.8237682793484224
0.06087742770359125,13.300441590532083,-3.7409935855681224,-8.775236449725384,0.09503643985594674,-2.824086412898888
0.0859223915901531,13.210838780743353,-3.631339368427412,-8.793741146496098,0.11257665739493142,-2.824113826924058
0.10668632481866887,13.121372878603223,-3.5287881807161434,-8.80540801448375,0.127124634796704,-2.8239994282296506
0.12355582563697426,13.032367885991725,-3.4324340334716306,-8.811490381439429,0.13895854286941417,-2.8238421500582698
0.13693849536672423,12.944272649256376,-3.341342294610408,-8.81338758942396,0.14836915374188528,-2.8237026918434833
0.14723155745288272,12.857603981663166,-3.2545793157973826,-8.812557761010055,0.15563797312532537,-2.823615139338025
0.15480602594625373,12.772887896071857,-3.171254062576123,-8.810417675580947,0.16102641569569176,-2.8235963187521733
0.1599999883029324,12.69060817475894,-3.090560240559186,-8.808250260687236,0.1647714343843951,-2.823652514750788
0.1631168255178777,12.61116801109615,-3.0118099135062675,-8.807134108940778,0.16708462293968437,-2.823783943807106
0.16442586309719626,12.534866784273357,-2.934453610118264,-8.807901784705518,0.16815300093392427,-2.82398757010499
0.1641640293177759,12.461891364071406,-2.858085746116866,-8.811127275818059,0.1681404637745948,-2.8242587966209034
0.16253781163641778,12.392319746146967,-2.7824370572450325,-8.817138565594803,0.16718939092232052,-2.8245924313808075
0.15972527156661367,12.326133930848494,-2.707357487393614,-8.826048728603228,0.16542224093486965,-2.824983198472885
0.15587813914746737,12.263238556065806,-2.6327936753765164,-8.837797895881852,0.16294314919883887,-2.8254259647722324
0.15112408895944365,12.203481860147862,-2.55876498363822,-8.85219873237877,0.15983960449922138,-2.8259157897666025
0.14556925942882334,12.146676083838107,-2.485341159667125,-8.868979477578215,0.15618425532241642,-2.8264478689081907
0.13930099130506912,12.092615290130045,-2.4126235561285854,-8.887820649444514,0.15203683837169407,-2.827017419635769
0.13239068997761455,12.041089549008731,-2.340730700120535,-8.908383620973316,0.14744617212750405,-2.8276195453489263
0.124896686892842,11.991895269129579,-2.2697881306791747,-8.930330982401976,0.14245213661690015,-2.828249101952867
0.11686698536463583,11.944842029657764,-2.1999219008964843,-8.953339687946377,0.13708756573455821,-2.828900582907089
0.10834180862533704,11.899756557384409,-2.1312549291688168,-8.977108479145073,0.13137999922009883,-2.8295680320614625
0.0993559053767566,11.856484566906406,-2.0639053868920625,-9.001361136410663,0.12535326579679268,-2.8302449890779044
0.0899405988234793,11.814891119223823,-1.9979864270938925,-9.025846922102838,0.11902888912627867,-2.8309244696837683
0.08012558453184071,11.774860030008679,-1.9336067144849072,-9.050339291881425,0.11242732088537302,-2.831598981848268
0.06994049055952244,11.73629272250322,-1.8708713673009842,-9.074633660554563,0.1055690104241925,-2.832260578575433
0.05941621257744556,11.6991067979909,-1.8098830447988672,-9.098544760479962,0.09847531972269372,-2.832900947779605
0.04858603024759903,11.663234499196907,-1.7507430065789196,-9.121903939264788,0.0911692877934544,-2.8335115391946335
0.03748650186105522,11.628621169597562,-1.6935520341590014,-9.144556606298657,0.08367624226027459,-2.8340837271579318
0.02615812472277359,11.595223760987714,-1.6384111474789345,-9.166359944706382,0.07602424929978936,-2.834609006250809
0.01464574117126463,11.563009408134937,-1.5854220756641197,-9.187180945381836,0.06824438795050519,-2.83507921417226
0.0029986663104761536,11.531954068639875,-1.5346874580081866,-9.20689478283286,0.06037083224749178,-2.8354867730533226
-0.008729484964754963,11.502041214815794,-1.486310762222464,-9.225383530656028,0.05244072577468237,-2.835824937044482
-0.020481286227214207,11.47326056001689,-1.440395915922374,-9.242535201649956,0.044493838734976705,-2.8360880309600325
-0.03219630320580141,11.445606802628477,-1.3970466564468835,-9.258243089698507,0.03657200768307601,-2.836271662685995
-0.04381219282727086,11.41907837556704,-1.3563656148421868,-9.27240538485758,0.028718372081547518,-2.836372891604927
-0.05526605354831852,11.393676196472274,-1.3184531626164153,-9.284925027955886,0.02097643841406758,-2.83639033697051
-0.06649595835707038,11.369402422611984,-1.2834060641370002,-9.29570976581922,0.013389019508851489,-2.8363242141758174
-0.0774425806503326,11.346259223534128,-1.2513159918400576,-9.304672363081437,0.005997111256424905,-2.8361762929602015
-0.0880508094051432,11.32424759226942,-1.222267973636531,-9.31173092216975,-0.001161221704014067,-2.8359497790730597
-0.09827124679417534,11.303366221079672,-1.1963388496993332,-9.31680926047853,-0.008051877652335981,-2.835649128658382
-0.10806149007487172,11.283610469368154,-1.17359581722779,-9.319837293984149,-0.014645599279105807,-2.8352798113817683
-0.11738711945633379,11.264971449008577,-1.1540951357764913,-9.32075138025176,-0.02091865132030088,-2.834848042965095
-0.12622234184557282,11.247435246317904,-1.137881052597497,-9.319494580969613,-0.026853260202499497,-2.834360509605892
-0.1345502725490006,11.23098229118928,-1.1249849888459424,-9.316016814134754,-0.03243780379933635,-2.8338241055961197
-0.14236286834767534,11.215586873975337,-1.1154250061507491,-9.31027487753397,-0.03766676099838992,-2.8332457017529253
-0.14966055167520492,11.201216801162081,-1.1092055520853918,-9.302232336649556,-0.04254044885138074,-2.832631956891559
-0.15645158411630586,11.187833173069924,-1.1063174653206977,-9.291859280085275,-0.04706458772222463,-2.831989178548002
-0.16275125707757185,11.175390261643381,-1.1067382086414814,-9.279131952982949,-0.05124974136406554,-2.831323233465846
-0.16858096884737392,11.16383546412162,-1.1104322912961833,-9.264032283225578,-0.05511067967268212,-2.8306395037139866
-0.17396725209394126,11.153109308734635,-1.1173518408750474,-9.24654731667481,-0.05866570819177799,-2.829942881078377
-0.17894080642282362,11.14314549086381,-1.127437287739361,-9.22666857694647,-0.061936001863172975,-2.829237790631483
-0.18353557918283428,11.133870921481973,-1.1406181301642833,-9.204391363240148,-0.06494497258129686,-2.8285282339460247
-0.18778792612625253,11.125205773319768,-1.1568137540243215,-9.179713997491946,-0.06771769210346718,-2.827817842968031
-0.1917358730640889,11.11706351345254,-1.1759342856124257,-9.152637030427634,-0.07028038465623623,-2.8271099367407464
-0.19541849099037759,11.10935091349611,-1.1978814591672942,-9.123162415481847,-0.07265999762604383,-2.826407574646185
-0.19887539047733274,11.101968030255227,-1.222549481616303,-9.091292660220075,-0.07488385415806453,-2.825713601341745
-0.20214633633381343,11.09480815064031,-1.2498258761656773,-9.057029966778982,-0.07697938821271677,-2.825030679929033
-0.2052709802643467,11.087757695279604,-1.279592284273881,-9.020375375668388,-0.07897396042607073,-2.8243613109867916
-0.20828870719861453,11.080696075914421,-1.3117252029660222,-8.981327930728384,-0.0808947517308754,-2.8237078358738
-0.21123858973099677,11.073495502797066,-1.3460966320906054,-8.939883886822177,-0.08276873087364289,-2.823072423147487
-0.21415944441027815,11.066020740300004,-1.3825746045242644,-8.896035985807563,-0.08462269149681836,-2.82245703706561
-0.21708998318240463,11.058128812115255,-1.4210235718029962,-8.849772830470725,-0.08648335415747997,-2.821863386976292
-0.220069052850545,11.049668662039675,-1.4613046182774136,-8.801078390595686,-0.08837752834389494,-2.8212928560041575
-0.2231359546678635,11.040480782629752,-1.503275478558683,-8.74993168047942,-0.09033232901744774,-2.8207464068685453
-0.22633083470299875,11.030396832179978,-1.546790335565607,-8.696306653343134,-0.09237544116608681,-2.820224462003279
-0.22969513281876222,11.01923927075254,-1.5916993797592405,-8.640172365555708,-0.09453542389953858,-2.81972675449638
-0.2332720731166696,11.006821058597357,-1.637848114166011,-8.581493472540773,-0.09684204215777364,-2.8192521458943776
-0.23710717029680986,10.99294547547168,-1.685076394809616,-8.52023112854752,-0.09932660830832094,-2.8187984068661245
-0.2412487128833842,10.977406137232633,-1.7332172028228459,-8.45634437349835,-0.10202230663377655,-2.8183619574741434
-0.24574816349148254,10.95998730653879,-1.7820951538667305,-8.38979210052074,-0.10496445948209404,-2.817937565930087
-0.2506603856860079,10.94046461698805,-1.8315247641207184,-8.320535705118225,-0.10819067293260823,-2.8175180090535834
-0.25604356399888284,10.91860635309639,-1.8813085120727042,-8.248542517413664,-0.11174077054192755,-2.817093705374372
-0.26195862706365197,10.894175449256748,-1.9312347639394223,-8.173790106893819,-0.11565638526923502,-2.8166523443990856
-0.268467916061562,10.866932383882457,-1.981075669751125,-8.096271516957112,-0.11998003379983319,-2.816178554618182
-0.2756327723784478,10.836639141392803,-2.0305851872614573,-8.016001424874986,-0.12475345153747419,-2.815653679508944
-0.2835096749942384,10.803064380670502,-2.0794974482151862,-7.933023121580796,-0.13001493797075267,-2.8150557644861096
-0.29214458732046716,10.765989864782226,-2.1275257349069983,-7.8474160579227865,-0.13579548346169656,-2.8143598937436636
-0.3015653472752813,10.72521805065269,-2.174362361764806,-7.7593035120816385,-0.14211356889939186,-2.8135390421134936
-0.3117723354249891,10.680580492403294,-2.2196797216199045,-7.668859719113546,-0.14896880454907904,-2.812565601179046
-0.3227283266172243,10.63194638693165,-2.2631326188698653,-7.5763156220905925,-0.15633503182422429,-2.8114136702539483
-0.3343492841621868,10.579230247577762,-2.3043617490148782,-7.481962344941576,-0.16415409125612948,-2.8100620450180425
-0.34649858585785354,10.522397468081575,-2.34299782818304,-7.3861516555617905,-0.17233195172080956,-2.8084975946145216
-0.3589872694713812,10.461466620505348,-2.378665544080196,-7.289293147917876,-0.18073895397411407,-2.806718459579828
-0.3715818901332623,10.39650785137162,-2.4109863707277155,-7.191848565715259,-0.18921523443905164,-2.8047363605432865
-0.38401951225050107,10.327637637486763,-2.439579503592541,-7.094324399849185,-0.19758098104986582,-2.8025774152092144
-0.3960269776380869,10.255011117646669,-2.464060699558632,-6.997264319071161,-0.20564955626295695,-2.8002812423457915
-0.4073400899511954,10.178813796847797,-2.484039415695963,-6.9012429421101835,-0.21324051336462035,-2.7978986349084494
-0.41771853629682304,10.099254364364617,-2.4991150384567797,-6.806861975338832,-0.22018967181973245,-2.7954884594619744
-0.42695404346157756,10.01655975885284,-2.5088730367131236,-6.714749061714714,-0.22635457063815495,-2.7931145118200407
-0.4348714569180004,9.930972779238433,-2.5128816492278077,-6.625559052309299,-0.23161511278211583,-2.7908428469319357
-0.44132411533879884,9.842751793106594,-2.5106894503654336,-6.539976909427122,-0.2358703548714794,-2.788739768708831
-0.4461856018920691,9.75217156545835,-2.501824001017169,-6.4587210321156805,-0.23903286939232596,-2.7868703864788906
-0.4493398047708882,9.659523887188888,-2.485791813646998,-6.382545398519634,-0.24102199631399332,-2.7852975050593978
-0.45067060273044846,9.565116450345176,-2.462079936189692,-6.312238578890212,-0.24175687473766783,-2.7840806075412057
-0.45005175877381287,9.46926828520289,-2.4301594140664875,-6.24861755642861,-0.24114964255402802,-2.7832747595877363
-0.4473369436378435,9.372300127190842,-2.389490540730468,-6.19251467142287,-0.23909873956726393,-2.782929353501864
-0.4423492636835302,9.274518461519332,-2.339529023721804,-6.144757155723239,-0.23548187591054404,-2.7830866738268556
-0.4348692098481256,9.176192801682728,-2.279730961860507,-6.106140772690916,-0.23014791564987094,-2.7837802648423104
-0.42461954673978103,9.07752692173179,-2.2095530180513454,-6.077401791426685,-0.22290665662120646,-2.785032969585163
-0.41124532490151855,8.978625924083154,-2.128442726393651,-6.059194209156915,-0.21351526392443315,-2.7868542309349755
-0.3942869656747508,8.879461566281563,-2.0358128562335756,-6.052080810649272,-0.20165996503805877,-2.7892357173273696
-0.3731443469432516,8.77983754027074,-1.930993232822418,-6.056546597952875,-0.18693161431482958,-2.79214344139599
-0.3470303341342612,8.679354056914967,-1.8131528206449756,-6.073041559533997,-0.16879410453154045,-2.795503089327649
-0.3149142439830634,8.577367323358743,-1.681182963542753,-6.102058132313416,-0.1465460177051523,-2.7991729723047745
-0.2754620815177667,8.472934982411202,-1.5335279951563363,-6.144249237653706,-0.11928026324901847,-2.802895536591691
-0.22699819807575827,8.364734671715185,-1.3679419813106608,-6.200596936614937,-0.08585860995644284,-2.806214140652501
-0.16755894019981823,8.250944119734475,-1.1811479034384154,-6.272646459945916,-0.04494928121095072,-2.8083410012217183
-0.09521568452834289,8.129097457178103,-0.9684217813233884,-6.362801509436896,0.004751713872550103,-2.8079824659199852
-0.009050144650764877,7.996067411741835,-0.723421097976064,-6.474513489989644,0.06385593980275489,-2.8032226508845945
0.08862104252025602,7.848866166488374,-0.43990329995084876,-6.611397716884155,0.1307715308952584,-2.791836850194743
0.1889025695996496,7.688249859259411,-0.12043290941488344,-6.7720703032910645,0.19943665154967533,-2.772759827233269
0.2769788259170103,7.524575985328692,0.20842063562072077,-6.940446399710611,0.25976735418882696,-2.748307790448634
0.34377796214664375,7.371960156317472,0.509529773228461,-7.093041504093011,0.30557799654658696,-2.7229353144383373
0.3916856588382775,7.234935764427129,0.769309526638629,-7.220232866763878,0.33847817969855715,-2.6991698091561265
0.42640421699448694,7.111006864991093,0.9923474741089381,-7.32382258945155,0.36234560310818037,-2.677422850020884
0.4522337230786303,6.9967185861975825,1.1861396592660038,-7.407748181701942,0.380109858794499,-2.657431265461438
